{
  "pools": [
    {
      "rolls": 1,
      "entries": [
        {
          "type": "minecraft:item",
          "name": "minecraft:crossbow",
          "functions": [
            {
              "function": "minecraft:set_nbt",
              "tag": "{GameItem:1b,MenuItem:1b,Multishot:1b,Charged:1b,ChargedProjectiles:[{id:\"minecraft:arrow\",Count:1b},{id:\"minecraft:arrow\",Count:1b},{id:\"minecraft:arrow\",Count:1b}],Enchantments:[{id:\"minecraft:multishot\",lvl:1}],HideFlags:1}"
            },
            {
              "function": "minecraft:set_name",
              "entity": "this",
              "name": [
                {
                  "text": "Multishot",
                  "color": "gold",
                  "bold": true,
                  "italic": false
                }
              ]
            },
            {
              "function": "minecraft:set_lore",
              "entity": "this",
              "lore": [
                {
                  "text": "▪ Cost (3 shots): ",
                  "extra": [
                    {
                      "score": {
                        "name": "#cost",
                        "objective": "multishot"
                      }
                    }
                  ],
                  "color": "gray",
                  "bold": false,
                  "italic": false
                },
                {
                  "text": "▪ Shots remaining: ",
                  "extra": [
                    {
                      "score": {
                        "name": "@s",
                        "objective": "multishot"
                      }
                    }
                  ],
                  "color": "gray",
                  "bold": false,
                  "italic": false
                },
                {
                  "text": ""
                },
                {
                  "text": "Shoot 3 pufferfishes that",
                  "color": "white",
                  "italic": false
                },
                {
                  "text": "explode on impact with",
                  "color": "white",
                  "italic": false
                },
                {
                  "text": "a player, or shortly after",
                  "color": "white",
                  "italic": false
                },
                {
                  "text": "touching the ground",
                  "color": "white",
                  "italic": false
                }
              ]
            }
          ]
        }
      ]
    }
  ]
}
