{
  "pools": [
    {
      "rolls": 1,
      "entries": [
        {
          "type": "minecraft:item",
          "name": "minecraft:green_concrete_powder",
          "functions": [
            {
              "function": "minecraft:set_nbt",
              "tag": "{MenuItem:1b,Forest:1b}"
            },
            {
              "function": "minecraft:set_name",
              "entity": "this",
              "name": [
                {
                  "text": "Forest",
                  "color": "dark_green",
                  "bold": true,
                  "italic": false
                },
                {
                  "text": " - Terrain",
                  "color": "gray",
                  "bold": false,
                  "italic": false
                }
              ]
            },
            {
              "function": "minecraft:set_lore",
              "entity": "this",
              "lore": [
                {
                  "text": "Set the terrain generation to Forest",
                  "color": "white",
                  "italic": false
                },
                {
                  "text": ""
                },
                {
                  "text": "Height difference: Medium",
                  "color": "gray",
                  "italic": false
                }
              ]
            }
          ]
        }
      ]
    }
  ]
}
